<?xml version="1.0" encoding="UTF-8"?>
<project-private xmlns="http://www.netbeans.org/ns/project-private/1">
    <editor-bookmarks xmlns="http://www.netbeans.org/ns/editor-bookmarks/1"/>
    <editor-bookmarks xmlns="http://www.netbeans.org/ns/editor-bookmarks/2" lastBookmarkId="1"/>
    <open-files xmlns="http://www.netbeans.org/ns/projectui-open-files/2">
        <group name="Ensg Dai"/>
        <group name="Enseignement"/>
        <group name="Enseignement Java"/>
        <group name="Enseignement DAI"/>
        <group name="DAI"/>
        <group>
            <file>file://rohan/M/21202035/Documents/NetBeansProjects/TpAjax/web/js/fctxml.js</file>
            <file>file://rohan/M/21202035/Documents/NetBeansProjects/TpAjax/src/ajax/bd/Bd.java</file>
            <file>file://rohan/M/21202035/Documents/NetBeansProjects/TpAjax/src/ajax/action/ServletInsert.java</file>
            <file>file://rohan/M/21202035/Documents/NetBeansProjects/TpAjax/web/ajax/AuteursDeCitations.html</file>
            <file>file://rohan/M/21202035/Documents/NetBeansProjects/TpAjax/src/ajax/action/ServletGoogle.java</file>
        </group>
    </open-files>
</project-private>
